{
    "banner": "banner-cn.jpg",
    "title1": "感谢语",
    "content1": " <p>Exchain为期两周的种子测试结束，我们收集了用户、媒体、项目方的建议，并作出了改变。未来，我们将更珍视大家的想法，一次次变更好，与用户共建一个真正属于大家的交易所。</p> <p> 如果Exchain好， 请分享给你的朋友， 如果Exchain还有不足， 请告诉我们！ </p>",
    "title2": "用户说",
    "content2": [{
            "name": "阿轩",
            "say1": "我是股市大神，也是币圈小白。新入贵圈厮杀，资讯将是我手中的利器。",
            "sub": "与Exchain共建交易所，听我说:",
            "say2": "习惯了传统股票交易App上各类丰富的内容，初来币圈却不知道如何下手。希望能有更多客观的项目相关内容，能够帮助我了解更多的资讯。相信Exchain如果能加入一些小白普及类的知识，能够吸引更多像我这样的新客群进场。",
            "img": "user1.jpg"
        }, {
            "name": "Backpacker",
            "say1": "我是币圈老韭菜，圈内浮沉3余载，需要一双看透项目的火眼金睛。",
            "sub": "与Exchain共建交易所，听我说:",
            "say2": "现在市场上很多项目评级的内容，如果交易所网站上能有相似的版块，对我们这种热衷炒币的人还是帮助很大的。项目信息披露透明公开很重要，助于用户识别币种、聪明投资。毕竟这个圈子呆的久了，即使被割也希望被割的明明白白。",
            "img": "user2.jpg"
        },
        {
            "name": "千儿",
            "say1": "从未做过理财又怎样，我站在巨人的肩上。数字货币投资有潜力，坚持自己认为正确的投资决定。",
            "sub": "与Exchain共建交易所，听我说:",
            "say2": "没买过股票没买过比特币，第一次上交易所简直一脸蒙圈：（其实小白不需要多么华丽的页面设计，更希望交易所能像电商一样买卖方便、服务周到、意见反馈及时，人人都能参与。最最主要的是，降低了我们这类初级小白入门的门槛。学习理财不容易，希望能在Exchain找到我做价值投资的一片天。",
            "img": "user3.jpg"
        }
    ],
    "title3": "更多用户建议",
    "content3": [{
        "name": "Physico",
        "say": "买卖不够方便，建议可以用进度条，加入比例这样。然后价格建议直接先给出市场价放在那边，方便改和参考。",
        "img": "user4.jpg"
    }, {
        "name": "Aki",
        "say": "合作伙伴要分类，普通用户，还有超级合作伙伴，超级伙伴又分优质有影响力客户，还有普通超级合作伙伴。",
        "img": "user5.jpg"
    }, {
        "name": "图罗波烈",
        "say": "把停机期间本应该分配的ET，平摊加在后面剩余的几天之内。",
        "img": "user6.jpg"
    }, {
        "name": "呵呵",
        "say": "有时候卡了很多订单，居然没有一键撤销。",
        "img": "user7.jpg"
    }, {
        "name": "娇",
        "say": "交易界面中，能不能把“数量”放在“价格”上面？这样更符合用户的操作习惯吧。。。",
        "img": "user8.jpg"
    }],
    "title4": "媒体说",
    "content4": [{
        "name": "快链星球",
        "say1": "全面、即时、准确的全球区块链资讯入口与数据资产管理平台。",
        "sub": "与Exchain共建交易所，听我说:",
        "say2": "从个人使用习惯上提一个小小的建议：白皮书写的很详细，不过要是能够在一两个下滑页面看完就更好了，对于用户来说更简单、清晰，其他的都很好。",
        "img": "media5.jpg",
        "qrcode": "media5-qrcode.jpg",
        "url": ""
    }, {
        "name": "币圈那点儿事儿",
        "say1": "关于币圈的一切，你想知道的都在这里。",
        "sub": "与Exchain共建交易所，听我说:",
        "say2": "该有的都有，中规中矩，只是这线看着有些别扭...希望还可以继续改进，考虑到时在种子测试期，大币哥是接受了。种子测试期间通过虚拟的交易获得有价值的平台币ET，不禁想起了圈儿里各种的操盘大赛？对于大币哥来说，虽然最后是空欢喜一场，可还是欢喜了因为好像过把瘾之后，还有ET...<br/>ET你值得拥有。Exchain你值得注册。“我的资产”你可以发朋友圈儿...没人拦着哈哈哈！",
        "img": "media1.jpg",
        "qrcode": "qrcode1.jpg",
        "url": ""
    }, {
        "name": "链爱狂",
        "say1": "区块链资讯千万条，链爱狂只分享最有价值的。",
        "sub": "与Exchain共建交易所，听我说:",
        "say2": "性能好，速度快。交易送TOKEN，犹如家有矿。",
        "img": "media2.jpg",
        "qrcode": "qrcode2.jpg",
        "url": ""
    }, {
        "name": "牛市财经",
        "say1": "传播区块链知识,传递共识认知。",
        "sub": "与Exchain共建交易所，听我说:",
        "say2": "Exchain是真正为用户考虑的一家交易所，也对它的ET增值充满期待，但是不知道后期Token能不能够广泛的应用到更多场景中，如BNB可支付手续费等，让更多的用户从中获利。",
        "img": "media3.jpg",
        "qrcode": "",
        "url": "http://news.one"
    }, {
        "name": "上下财经",
        "say1": "传播区块链知识,传递共识认知。",
        "sub": "与Exchain共建交易所，听我说:",
        "say2": "Exchain交易所的这种合作模式很好的嘛，只是如果将这种合作模式推荐给朋友的话，以文字形式是不是太单调了，小编认为如果做成海报的形式在朋友圈以及社群转发的话，不仅内容丰富饱满，外观看着也会新颖一些嘛。",
        "img": "media4.jpg",
        "qrcode": "",
        "url": "http://www.shangxia.net"
    }],
    "title5": "项目说",
    "content5": [{
        "name": "路印团队",
        "say1": "路印协议新一代区块链资产交易协议和交易所。它采用去中心化技术，提供零风险的代币交易所模式，并允许多家交易所通过竞争，对同样的订单进行链外撮合及链上清结算。",
        "sub": "与Exchain共建交易所，听我说:",
        "say2": "Exchain 是一个技术能力很强的团队，我们很期待今后能开展更进一步的合作，实现去中心化平台是未来的趋势。",
        "img": "project1.jpg",
        "qrcode": "",
        "url": "https://loopring.org"
    }, {
        "name": "维基链社群",
        "say1": "维基链是一个支持图灵完备的智能合约平台，通过智能合约可以实现竞猜游戏、资产交易、外汇交易等各种应用场景。",
        "sub": "与Exchain共建交易所，听我说:",
        "say2": "网站界面简洁，风格清爽，交易操作也不复杂，用户体验还是很不错的。期待后期增加OTC、API等更多功能，越来越专业！",
        "img": "project2.jpg",
        "qrcode": "",
        "url": "http://waykichain.com"
    }],
    "title6": "我们的改变",
    "content6": [{
            "sub": "交易页面升级",
            "url": "/exchange",
            "detail": [
                "增加批量撤单功能", " 百分比下单功能", "自定义5条EMA丰富K线图展示", "“数量”“价格”位置优化", "提速交易撮合…"
            ]
        },
        {
            "sub": "合作伙伴活动",
            "url": "/partner",
            "detail": [
                "阶梯式USDT & ET激励，邀请越多奖励越大", "邀请双方均有奖，合作伙伴与被邀请人共赢！"
            ]
        }
    ],
    "others": {
        "button": "留下您的建议",
        "link": "https://support.exchain.com/hc/zh-cn/requests/new",
        "join": "加入Exchain社区参与讨论：",
        "joinUrl": "https://t.me/Exchain_cn",
        "exchainQrcode": "exchain-qrcode.png"
    }
}